timestamp,symbol,spot_price,future_price,spread,profit,arbitrage_opportunity
2025-05-09T14:20:13.730241,ETH,2345.1300,2345.4900,0.3600,0.3550,YES
2025-05-09T14:20:14.329222,ETH,2344.7400,2344.8000,0.0600,0.0550,YES
2025-05-09T14:20:14.726370,ETH,2344.9500,2345.0100,0.0600,0.0550,YES
2025-05-09T14:20:14.788880,ETH,2344.9500,2345.0100,0.0600,0.0550,YES
2025-05-09T14:20:15.424606,ETH,2344.0100,2344.7400,0.7300,0.7250,YES
2025-05-09T14:20:15.456670,ETH,2344.0000,2344.0900,0.0900,0.0850,YES
2025-05-09T14:20:15.513953,ETH,2343.6200,2344.0800,0.4600,0.4550,YES
2025-05-09T14:20:15.522216,ETH,2343.6100,2344.0800,0.4700,0.4650,YES
2025-05-09T14:20:15.522216,ETH,2343.6200,2344.0800,0.4600,0.4550,YES
2025-05-09T14:20:15.563930,ETH,2343.6200,2343.8700,0.2500,0.2450,YES
2025-05-09T14:20:15.626427,ETH,2343.6200,2343.8200,0.2000,0.1950,YES
2025-05-09T14:20:15.659525,ETH,2343.6200,2343.8200,0.2000,0.1950,YES
2025-05-09T14:20:15.663538,ETH,2343.6100,2343.8000,0.1900,0.1850,YES
2025-05-09T14:20:15.751196,ETH,2343.6200,2343.7800,0.1600,0.1550,YES
2025-05-09T14:20:15.758526,ETH,2343.6200,2343.7300,0.1100,0.1050,YES
2025-05-09T14:20:15.758526,ETH,2343.6200,2343.8100,0.1900,0.1850,YES
2025-05-09T14:20:15.758526,ETH,2343.6200,2343.8100,0.1900,0.1850,YES
2025-05-09T14:20:15.758526,ETH,2343.6200,2343.7200,0.1000,0.0950,YES
2025-05-09T14:20:15.758526,ETH,2343.6200,2343.7200,0.1000,0.0950,YES
2025-05-09T14:20:15.765483,ETH,2343.6200,2343.7200,0.1000,0.0950,YES
2025-05-09T14:20:15.765483,ETH,2343.6200,2343.7100,0.0900,0.0850,YES
2025-05-09T14:20:15.773239,ETH,2343.6200,2343.7100,0.0900,0.0850,YES
2025-05-09T14:20:15.781006,ETH,2343.6200,2343.6900,0.0700,0.0650,YES
2025-05-09T14:20:15.794914,ETH,2343.6100,2343.6800,0.0700,0.0650,YES
2025-05-09T14:20:15.805137,ETH,2343.6100,2343.6800,0.0700,0.0650,YES
2025-05-09T14:20:15.823461,ETH,2343.5300,2343.6800,0.1500,0.1450,YES
2025-05-09T14:20:15.997633,ETH,2343.2400,2343.6900,0.4500,0.4450,YES
2025-05-09T14:20:16.003737,ETH,2343.2100,2343.2200,0.0100,0.0050,YES
2025-05-09T14:20:16.003737,ETH,2343.1600,2343.6700,0.5100,0.5050,YES
2025-05-09T14:20:16.012149,ETH,2343.1400,2343.6700,0.5300,0.5250,YES
2025-05-09T14:20:16.028221,ETH,2343.1300,2343.6700,0.5400,0.5350,YES
2025-05-09T14:20:16.028221,ETH,2343.1000,2343.6100,0.5100,0.5050,YES
2025-05-09T14:20:16.038237,ETH,2343.0900,2343.6000,0.5100,0.5050,YES
2025-05-09T14:20:16.038237,ETH,2343.0000,2343.6000,0.6000,0.5950,YES
2025-05-09T14:20:16.044700,ETH,2343.0000,2343.6000,0.6000,0.5950,YES
2025-05-09T14:20:16.044700,ETH,2342.8700,2343.6700,0.8000,0.7950,YES
2025-05-09T14:20:16.044700,ETH,2342.8700,2343.6700,0.8000,0.7950,YES
2025-05-09T14:20:16.044700,ETH,2342.8600,2343.6000,0.7400,0.7350,YES
2025-05-09T14:20:16.052336,ETH,2342.6600,2343.6700,1.0100,1.0050,YES
2025-05-09T14:20:16.052336,ETH,2342.6400,2343.6000,0.9600,0.9550,YES
2025-05-09T14:20:16.052336,ETH,2342.6400,2343.6000,0.9600,0.9550,YES
2025-05-09T14:20:16.052336,ETH,2342.6400,2343.6000,0.9600,0.9550,YES
2025-05-09T14:20:16.052336,ETH,2342.6100,2343.6000,0.9900,0.9850,YES
2025-05-09T14:20:16.052336,ETH,2342.5700,2343.6000,1.0300,1.0250,YES
2025-05-09T14:20:16.052336,ETH,2342.5600,2343.5800,1.0200,1.0150,YES
2025-05-09T14:20:16.052336,ETH,2342.5600,2343.5800,1.0200,1.0150,YES
2025-05-09T14:20:16.072936,ETH,2342.5600,2343.5800,1.0200,1.0150,YES
2025-05-09T14:20:16.109951,ETH,2342.4500,2343.6700,1.2200,1.2150,YES
2025-05-09T14:20:16.144728,ETH,2342.4000,2343.7500,1.3500,1.3450,YES
2025-05-09T14:20:16.180932,ETH,2342.0100,2343.8100,1.8000,1.7950,YES
2025-05-09T14:20:16.256597,ETH,2342.0000,2343.9000,1.9000,1.8950,YES
2025-05-09T14:20:16.289100,ETH,2342.0000,2343.9000,1.9000,1.8950,YES
2025-05-09T14:20:16.304646,ETH,2342.0100,2343.9700,1.9600,1.9550,YES
2025-05-09T14:20:16.305655,ETH,2342.0100,2343.9700,1.9600,1.9550,YES
2025-05-09T14:20:16.313987,ETH,2342.0100,2343.9700,1.9600,1.9550,YES
2025-05-09T14:20:16.322392,ETH,2342.0000,2343.9600,1.9600,1.9550,YES
2025-05-09T14:20:16.322392,ETH,2342.0000,2343.9600,1.9600,1.9550,YES
2025-05-09T14:20:16.372271,ETH,2341.9300,2343.9600,2.0300,2.0250,YES
2025-05-09T14:20:16.372271,ETH,2341.9300,2343.9600,2.0300,2.0250,YES
2025-05-09T14:20:16.413648,ETH,2341.9300,2343.9500,2.0200,2.0150,YES
2025-05-09T14:20:16.413648,ETH,2341.9200,2343.9500,2.0300,2.0250,YES
2025-05-09T14:20:16.413648,ETH,2341.8700,2343.9500,2.0800,2.0750,YES
2025-05-09T14:20:16.421994,ETH,2341.8100,2343.9500,2.1400,2.1350,YES
2025-05-09T14:20:16.438579,ETH,2341.8000,2343.8900,2.0900,2.0850,YES
2025-05-09T14:20:16.460017,ETH,2341.7600,2343.8700,2.1100,2.1050,YES
2025-05-09T14:20:16.460017,ETH,2341.7200,2343.8200,2.1000,2.0950,YES
2025-05-09T14:20:16.463418,ETH,2341.7000,2343.8000,2.1000,2.0950,YES
2025-05-09T14:20:16.464712,ETH,2341.6900,2343.7900,2.1000,2.0950,YES
2025-05-09T14:20:16.464712,ETH,2341.6800,2343.7700,2.0900,2.0850,YES
2025-05-09T14:20:16.464712,ETH,2341.6700,2343.7600,2.0900,2.0850,YES
2025-05-09T14:20:16.479572,ETH,2341.6700,2343.4500,1.7800,1.7750,YES
2025-05-09T14:20:16.512555,ETH,2341.6600,2343.3600,1.7000,1.6950,YES
2025-05-09T14:20:16.529194,ETH,2341.6700,2343.2700,1.6000,1.5950,YES
2025-05-09T14:20:16.648704,ETH,2341.6700,2343.2100,1.5400,1.5350,YES
2025-05-09T14:20:16.670427,ETH,2341.6600,2343.1600,1.5000,1.4950,YES
2025-05-09T14:20:16.702793,ETH,2341.6700,2343.1400,1.4700,1.4650,YES
2025-05-09T14:20:16.711119,ETH,2341.6700,2343.0000,1.3300,1.3250,YES
2025-05-09T14:20:16.753041,ETH,2341.8000,2343.0100,1.2100,1.2050,YES
2025-05-09T14:20:16.802181,ETH,2341.8000,2343.0000,1.2000,1.1950,YES
2025-05-09T14:20:16.885405,ETH,2341.6700,2343.0000,1.3300,1.3250,YES
2025-05-09T14:20:16.926110,ETH,2341.6700,2342.8000,1.1300,1.1250,YES
2025-05-09T14:20:17.131802,ETH,2341.7900,2342.8000,1.0100,1.0050,YES
2025-05-09T14:20:17.131802,ETH,2341.7900,2342.8000,1.0100,1.0050,YES
2025-05-09T14:20:17.209137,ETH,2341.8000,2342.4400,0.6400,0.6350,YES
2025-05-09T14:20:17.415736,ETH,2341.9900,2342.4400,0.4500,0.4450,YES
2025-05-09T14:20:17.479268,ETH,2341.9900,2342.2600,0.2700,0.2650,YES
2025-05-09T14:20:17.664376,ETH,2342.1200,2342.2600,0.1400,0.1350,YES
2025-05-09T14:20:17.952633,ETH,2340.0000,2342.0100,2.0100,2.0050,YES
2025-05-09T14:20:17.959916,ETH,2340.0000,2342.0100,2.0100,2.0050,YES
2025-05-09T14:20:17.959916,ETH,2340.0000,2342.0100,2.0100,2.0050,YES
2025-05-09T14:20:17.959916,ETH,2340.0000,2342.0000,2.0000,1.9950,YES
2025-05-09T14:20:17.959916,ETH,2340.0000,2342.0000,2.0000,1.9950,YES
2025-05-09T14:20:17.968235,ETH,2340.0000,2342.0000,2.0000,1.9950,YES
2025-05-09T14:20:17.968235,ETH,2340.0000,2342.0000,2.0000,1.9950,YES
2025-05-09T14:20:17.968235,ETH,2340.0000,2342.0000,2.0000,1.9950,YES
2025-05-09T14:20:17.968235,ETH,2340.0000,2342.0000,2.0000,1.9950,YES
2025-05-09T14:20:17.968235,ETH,2340.0000,2342.0000,2.0000,1.9950,YES
2025-05-09T14:20:17.968235,ETH,2340.0000,2342.0000,2.0000,1.9950,YES
2025-05-09T14:20:17.976363,ETH,2340.0000,2342.0000,2.0000,1.9950,YES
2025-05-09T14:20:17.976363,ETH,2340.0000,2342.0000,2.0000,1.9950,YES
2025-05-09T14:20:17.976363,ETH,2340.0000,2342.4200,2.4200,2.4150,YES
2025-05-09T14:20:17.976363,ETH,2340.0000,2342.4200,2.4200,2.4150,YES
2025-05-09T14:20:17.984641,ETH,2340.0000,2342.4900,2.4900,2.4850,YES
2025-05-09T14:20:17.984641,ETH,2340.0000,2342.4900,2.4900,2.4850,YES
2025-05-09T14:20:17.989031,ETH,2340.0000,2342.5400,2.5400,2.5350,YES
2025-05-09T14:20:17.989031,ETH,2340.0000,2342.5100,2.5100,2.5050,YES
2025-05-09T14:20:17.989031,ETH,2340.0000,2342.4900,2.4900,2.4850,YES
2025-05-09T14:20:17.991793,ETH,2340.0000,2342.4800,2.4800,2.4750,YES
2025-05-09T14:20:17.993207,ETH,2340.0000,2342.4500,2.4500,2.4450,YES
2025-05-09T14:20:17.994226,ETH,2340.0000,2342.4500,2.4500,2.4450,YES
2025-05-09T14:20:17.994226,ETH,2340.0000,2342.5900,2.5900,2.5850,YES
2025-05-09T14:20:18.194130,ETH,2339.4900,2342.5900,3.1000,3.0950,YES
2025-05-09T14:20:18.218763,ETH,2339.4900,2342.1000,2.6100,2.6050,YES
2025-05-09T14:20:18.424746,ETH,2339.4800,2342.1000,2.6200,2.6150,YES
2025-05-09T14:20:18.442568,ETH,2339.4900,2341.5300,2.0400,2.0350,YES
2025-05-09T14:20:18.616724,ETH,2339.7000,2341.5200,1.8200,1.8150,YES
2025-05-09T14:20:18.631765,ETH,2339.7100,2341.4200,1.7100,1.7050,YES
2025-05-09T14:20:18.635139,ETH,2339.7100,2341.1600,1.4500,1.4450,YES
2025-05-09T14:20:18.844519,ETH,2340.0800,2341.1400,1.0600,1.0550,YES
2025-05-09T14:20:18.864669,ETH,2340.0700,2341.0000,0.9300,0.9250,YES
2025-05-09T14:20:18.864669,ETH,2340.0500,2341.0000,0.9500,0.9450,YES
2025-05-09T14:20:18.872850,ETH,2340.0400,2340.9100,0.8700,0.8650,YES
2025-05-09T14:20:19.085272,ETH,2339.8200,2340.9100,1.0900,1.0850,YES
2025-05-09T14:20:19.235391,ETH,2339.8100,2340.6700,0.8600,0.8550,YES
2025-05-09T14:20:19.446686,ETH,2339.3400,2340.3300,0.9900,0.9850,YES
2025-05-09T14:20:19.623050,ETH,2339.2800,2340.7500,1.4700,1.4650,YES
2025-05-09T14:20:19.629102,ETH,2339.2800,2340.9600,1.6800,1.6750,YES
2025-05-09T14:20:19.631912,ETH,2339.2700,2340.9300,1.6600,1.6550,YES
2025-05-09T14:20:19.631912,ETH,2339.2700,2340.9200,1.6500,1.6450,YES
2025-05-09T14:20:19.635681,ETH,2339.2500,2340.9200,1.6700,1.6650,YES
2025-05-09T14:20:19.635681,ETH,2339.2400,2340.9200,1.6800,1.6750,YES
2025-05-09T14:20:19.635681,ETH,2339.2300,2340.7700,1.5400,1.5350,YES
2025-05-09T14:20:19.802287,ETH,2338.1900,2340.7500,2.5600,2.5550,YES
2025-05-09T14:20:19.906671,ETH,2338.1700,2340.1600,1.9900,1.9850,YES
2025-05-09T14:20:20.044522,ETH,2336.7800,2340.1600,3.3800,3.3750,YES
2025-05-09T14:20:20.045642,ETH,2336.7700,2340.1400,3.3700,3.3650,YES
2025-05-09T14:20:20.045642,ETH,2336.7700,2340.1400,3.3700,3.3650,YES
2025-05-09T14:20:20.045642,ETH,2336.7700,2340.1300,3.3600,3.3550,YES
2025-05-09T14:20:20.045642,ETH,2336.7700,2340.1200,3.3500,3.3450,YES
2025-05-09T14:20:20.050249,ETH,2336.7700,2340.1200,3.3500,3.3450,YES
2025-05-09T14:20:20.050249,ETH,2336.7700,2340.1200,3.3500,3.3450,YES
2025-05-09T14:20:20.050249,ETH,2336.7700,2340.1100,3.3400,3.3350,YES
2025-05-09T14:20:20.050249,ETH,2336.7700,2340.1100,3.3400,3.3350,YES
2025-05-09T14:20:20.050249,ETH,2336.6900,2340.1100,3.4200,3.4150,YES
2025-05-09T14:20:20.054338,ETH,2336.6800,2340.1100,3.4300,3.4250,YES
2025-05-09T14:20:20.054338,ETH,2336.6800,2340.1000,3.4200,3.4150,YES
2025-05-09T14:20:20.054338,ETH,2336.6800,2340.1000,3.4200,3.4150,YES
2025-05-09T14:20:20.054338,ETH,2336.6800,2340.1000,3.4200,3.4150,YES
2025-05-09T14:20:20.054338,ETH,2336.6700,2340.1000,3.4300,3.4250,YES
2025-05-09T14:20:20.058425,ETH,2336.6700,2340.0900,3.4200,3.4150,YES
2025-05-09T14:20:20.058425,ETH,2336.6700,2340.0800,3.4100,3.4050,YES
2025-05-09T14:20:20.058425,ETH,2336.6100,2340.0700,3.4600,3.4550,YES
2025-05-09T14:20:20.066840,ETH,2336.6100,2340.0000,3.3900,3.3850,YES
2025-05-09T14:20:20.066840,ETH,2336.6100,2340.0000,3.3900,3.3850,YES
2025-05-09T14:20:20.068567,ETH,2336.5300,2340.0000,3.4700,3.4650,YES
2025-05-09T14:20:20.068567,ETH,2336.5200,2340.0000,3.4800,3.4750,YES
2025-05-09T14:20:20.068567,ETH,2336.5200,2340.0000,3.4800,3.4750,YES
2025-05-09T14:20:20.068567,ETH,2336.5200,2340.0000,3.4800,3.4750,YES
2025-05-09T14:20:20.068567,ETH,2336.5200,2340.0000,3.4800,3.4750,YES
2025-05-09T14:20:20.157609,ETH,2337.0200,2340.0000,2.9800,2.9750,YES
2025-05-09T14:20:20.176521,ETH,2337.0200,2340.0000,2.9800,2.9750,YES
2025-05-09T14:20:20.280739,ETH,2337.0200,2340.0000,2.9800,2.9750,YES
2025-05-09T14:20:20.280739,ETH,2337.0200,2340.0000,2.9800,2.9750,YES
2025-05-09T14:20:20.289138,ETH,2337.0200,2340.0000,2.9800,2.9750,YES
2025-05-09T14:20:20.538898,ETH,2337.0200,2339.5200,2.5000,2.4950,YES
2025-05-09T14:20:20.571764,ETH,2337.3500,2339.5200,2.1700,2.1650,YES
2025-05-09T14:20:20.599550,ETH,2337.3500,2339.0600,1.7100,1.7050,YES
2025-05-09T14:20:20.720343,ETH,2338.0900,2339.0600,0.9700,0.9650,YES
2025-05-09T14:20:20.720343,ETH,2338.1000,2339.0500,0.9500,0.9450,YES
2025-05-09T14:20:20.761830,ETH,2338.0900,2338.7500,0.6600,0.6550,YES
2025-05-09T14:20:20.807308,ETH,2338.1000,2338.7500,0.6500,0.6450,YES
2025-05-09T14:20:20.807308,ETH,2338.1000,2338.7400,0.6400,0.6350,YES
2025-05-09T14:20:20.812756,ETH,2338.1000,2338.7300,0.6300,0.6250,YES
2025-05-09T14:20:20.814768,ETH,2338.1000,2338.7300,0.6300,0.6250,YES
2025-05-09T14:20:20.815588,ETH,2338.1000,2338.7200,0.6200,0.6150,YES
2025-05-09T14:20:20.817338,ETH,2338.1000,2338.7200,0.6200,0.6150,YES
2025-05-09T14:20:20.819056,ETH,2338.1700,2338.7200,0.5500,0.5450,YES
2025-05-09T14:20:20.821283,ETH,2338.2500,2338.7200,0.4700,0.4650,YES
2025-05-09T14:20:20.821283,ETH,2338.2500,2338.7100,0.4600,0.4550,YES
2025-05-09T14:20:20.821283,ETH,2338.2600,2338.7100,0.4500,0.4450,YES
2025-05-09T14:20:20.821283,ETH,2338.2600,2338.7100,0.4500,0.4450,YES
2025-05-09T14:20:20.821283,ETH,2338.2600,2338.7100,0.4500,0.4450,YES
2025-05-09T14:20:20.821283,ETH,2338.2600,2338.7000,0.4400,0.4350,YES
2025-05-09T14:20:20.837282,ETH,2338.3600,2338.5600,0.2000,0.1950,YES
2025-05-09T14:20:20.837282,ETH,2338.3600,2338.5600,0.2000,0.1950,YES
2025-05-09T14:20:20.845638,ETH,2338.3600,2338.4600,0.1000,0.0950,YES
2025-05-09T14:20:21.009616,ETH,2338.8000,2341.1800,2.3800,2.3750,YES
2025-05-09T14:20:21.046222,ETH,2338.8000,2341.3000,2.5000,2.4950,YES
2025-05-09T14:20:21.059133,ETH,2338.8000,2340.9200,2.1200,2.1150,YES
2025-05-09T14:20:21.059133,ETH,2338.8100,2340.9200,2.1100,2.1050,YES
2025-05-09T14:20:21.059133,ETH,2338.8100,2340.9200,2.1100,2.1050,YES
2025-05-09T14:20:21.059133,ETH,2338.8100,2340.9200,2.1100,2.1050,YES
2025-05-09T14:20:21.059133,ETH,2338.8100,2340.9200,2.1100,2.1050,YES
2025-05-09T14:20:21.066781,ETH,2338.8100,2340.9200,2.1100,2.1050,YES
2025-05-09T14:20:21.066781,ETH,2338.8100,2340.9200,2.1100,2.1050,YES
2025-05-09T14:20:21.066781,ETH,2338.8100,2340.9200,2.1100,2.1050,YES
2025-05-09T14:20:21.066781,ETH,2338.8100,2340.9200,2.1100,2.1050,YES
2025-05-09T14:20:21.074862,ETH,2338.8100,2340.9200,2.1100,2.1050,YES
2025-05-09T14:20:21.074862,ETH,2338.8100,2340.9200,2.1100,2.1050,YES
2025-05-09T14:20:21.074862,ETH,2338.8100,2340.9200,2.1100,2.1050,YES
2025-05-09T14:20:21.074862,ETH,2338.8100,2340.9200,2.1100,2.1050,YES
2025-05-09T14:20:21.074862,ETH,2338.8100,2340.9200,2.1100,2.1050,YES
2025-05-09T14:20:21.074862,ETH,2338.8100,2340.9200,2.1100,2.1050,YES
2025-05-09T14:20:21.074862,ETH,2338.8100,2340.9200,2.1100,2.1050,YES
2025-05-09T14:20:21.074862,ETH,2338.8500,2340.9200,2.0700,2.0650,YES
2025-05-09T14:20:21.082916,ETH,2338.9100,2340.9200,2.0100,2.0050,YES
2025-05-09T14:20:21.082916,ETH,2338.9200,2340.9200,2.0000,1.9950,YES
2025-05-09T14:20:21.082916,ETH,2338.9300,2341.3100,2.3800,2.3750,YES
2025-05-09T14:20:21.082916,ETH,2338.9300,2340.9200,1.9900,1.9850,YES
2025-05-09T14:20:21.087929,ETH,2338.9800,2340.9200,1.9400,1.9350,YES
2025-05-09T14:20:21.087929,ETH,2338.9900,2340.9200,1.9300,1.9250,YES
2025-05-09T14:20:21.087929,ETH,2339.0000,2340.9200,1.9200,1.9150,YES
2025-05-09T14:20:21.087929,ETH,2339.0100,2340.9200,1.9100,1.9050,YES
2025-05-09T14:20:21.099816,ETH,2339.0600,2340.8400,1.7800,1.7750,YES
2025-05-09T14:20:21.190371,ETH,2339.1900,2340.8400,1.6500,1.6450,YES
2025-05-09T14:20:21.239549,ETH,2339.2000,2339.7100,0.5100,0.5050,YES
2025-05-09T14:20:21.240555,ETH,2339.2000,2339.7100,0.5100,0.5050,YES
2025-05-09T14:20:21.240555,ETH,2339.2000,2339.7100,0.5100,0.5050,YES
2025-05-09T14:20:21.240555,ETH,2339.2000,2339.7000,0.5000,0.4950,YES
2025-05-09T14:20:21.240555,ETH,2339.2000,2339.7000,0.5000,0.4950,YES
2025-05-09T14:20:21.240555,ETH,2339.2000,2339.7000,0.5000,0.4950,YES
2025-05-09T14:20:21.245597,ETH,2339.2000,2339.5200,0.3200,0.3150,YES
2025-05-09T14:20:21.248664,ETH,2339.2000,2339.3300,0.1300,0.1250,YES
2025-05-09T14:20:21.662328,ETH,2338.1900,2338.6500,0.4600,0.4550,YES
2025-05-09T14:20:21.678378,ETH,2338.1900,2339.1300,0.9400,0.9350,YES
2025-05-09T14:20:21.678378,ETH,2338.1900,2339.1900,1.0000,0.9950,YES
2025-05-09T14:20:21.678378,ETH,2338.1900,2339.1900,1.0000,0.9950,YES
2025-05-09T14:20:21.678378,ETH,2338.1900,2339.2000,1.0100,1.0050,YES
2025-05-09T14:20:21.678378,ETH,2338.2900,2339.2000,0.9100,0.9050,YES
2025-05-09T14:20:21.686663,ETH,2338.3900,2339.2300,0.8400,0.8350,YES
2025-05-09T14:20:21.686663,ETH,2338.4000,2339.2400,0.8400,0.8350,YES
2025-05-09T14:20:21.686663,ETH,2338.3900,2339.3300,0.9400,0.9350,YES
2025-05-09T14:20:21.696818,ETH,2338.2400,2339.3300,1.0900,1.0850,YES
2025-05-09T14:20:21.732638,ETH,2338.2400,2338.3000,0.0600,0.0550,YES
2025-05-09T14:20:22.139928,ETH,2338.1000,2338.2800,0.1800,0.1750,YES
2025-05-09T14:20:22.148636,ETH,2338.0500,2338.2700,0.2200,0.2150,YES
2025-05-09T14:20:22.148636,ETH,2338.0200,2338.2700,0.2500,0.2450,YES
2025-05-09T14:20:22.148636,ETH,2338.0200,2338.2600,0.2400,0.2350,YES
2025-05-09T14:20:22.151356,ETH,2338.0200,2338.2600,0.2400,0.2350,YES
2025-05-09T14:20:22.151356,ETH,2338.0200,2338.2400,0.2200,0.2150,YES
2025-05-09T14:20:22.154089,ETH,2338.0100,2338.2300,0.2200,0.2150,YES
2025-05-09T14:20:22.156443,ETH,2338.0100,2338.2200,0.2100,0.2050,YES
2025-05-09T14:20:22.159272,ETH,2338.0100,2338.2200,0.2100,0.2050,YES
2025-05-09T14:20:22.159272,ETH,2338.2100,2338.2200,0.0100,0.0050,YES
2025-05-09T14:20:22.159272,ETH,2338.1100,2338.2200,0.1100,0.1050,YES
2025-05-09T14:20:22.159272,ETH,2337.9500,2338.2200,0.2700,0.2650,YES
2025-05-09T14:20:22.159272,ETH,2337.7800,2338.2100,0.4300,0.4250,YES
2025-05-09T14:20:22.159272,ETH,2337.7700,2338.3000,0.5300,0.5250,YES
2025-05-09T14:20:22.159272,ETH,2337.7700,2338.2100,0.4400,0.4350,YES
2025-05-09T14:20:22.164789,ETH,2337.7600,2338.2100,0.4500,0.4450,YES
2025-05-09T14:20:22.164789,ETH,2337.7200,2338.2100,0.4900,0.4850,YES
2025-05-09T14:20:22.164789,ETH,2337.7200,2338.2100,0.4900,0.4850,YES
2025-05-09T14:20:22.164789,ETH,2337.7000,2338.2100,0.5100,0.5050,YES
2025-05-09T14:20:22.164789,ETH,2337.6500,2338.2000,0.5500,0.5450,YES
2025-05-09T14:20:22.164789,ETH,2337.6000,2338.2000,0.6000,0.5950,YES
2025-05-09T14:20:22.164789,ETH,2337.6000,2338.2000,0.6000,0.5950,YES
2025-05-09T14:20:22.164789,ETH,2337.5500,2338.2000,0.6500,0.6450,YES
2025-05-09T14:20:22.164789,ETH,2337.5300,2338.1800,0.6500,0.6450,YES
2025-05-09T14:20:22.164789,ETH,2337.4800,2338.1800,0.7000,0.6950,YES
2025-05-09T14:20:22.164789,ETH,2337.4800,2338.1700,0.6900,0.6850,YES
2025-05-09T14:20:22.173137,ETH,2337.4800,2338.1700,0.6900,0.6850,YES
2025-05-09T14:20:22.173137,ETH,2337.4800,2338.1700,0.6900,0.6850,YES
2025-05-09T14:20:22.436456,ETH,2336.6400,2337.0900,0.4500,0.4450,YES
2025-05-09T14:20:22.511526,ETH,2336.5900,2337.1200,0.5300,0.5250,YES
2025-05-09T14:20:23.064210,ETH,2336.0000,2336.9100,0.9100,0.9050,YES
2025-05-09T14:20:23.105557,ETH,2335.0000,2337.2800,2.2800,2.2750,YES
2025-05-09T14:20:23.105557,ETH,2335.0000,2337.2800,2.2800,2.2750,YES
2025-05-09T14:20:23.105557,ETH,2335.0000,2336.5800,1.5800,1.5750,YES
2025-05-09T14:20:23.105557,ETH,2335.0000,2337.2800,2.2800,2.2750,YES
2025-05-09T14:20:23.113899,ETH,2335.0000,2336.5800,1.5800,1.5750,YES
2025-05-09T14:20:23.113899,ETH,2335.0000,2336.5800,1.5800,1.5750,YES
2025-05-09T14:20:23.113899,ETH,2335.0000,2336.6800,1.6800,1.6750,YES
2025-05-09T14:20:23.113899,ETH,2335.0000,2336.6800,1.6800,1.6750,YES
2025-05-09T14:20:23.113899,ETH,2335.0000,2337.2800,2.2800,2.2750,YES
2025-05-09T14:20:23.113899,ETH,2335.0000,2337.2800,2.2800,2.2750,YES
2025-05-09T14:20:23.113899,ETH,2335.0000,2337.2800,2.2800,2.2750,YES
2025-05-09T14:20:23.113899,ETH,2334.9800,2337.2800,2.3000,2.2950,YES
2025-05-09T14:20:23.113899,ETH,2334.9400,2337.2800,2.3400,2.3350,YES
2025-05-09T14:20:23.113899,ETH,2334.9400,2337.2800,2.3400,2.3350,YES
2025-05-09T14:20:23.122008,ETH,2334.9200,2337.2800,2.3600,2.3550,YES
2025-05-09T14:20:23.122748,ETH,2334.9100,2337.2800,2.3700,2.3650,YES
2025-05-09T14:20:23.123336,ETH,2334.9000,2337.2800,2.3800,2.3750,YES
2025-05-09T14:20:23.123843,ETH,2334.9000,2336.5800,1.6800,1.6750,YES
2025-05-09T14:20:23.123843,ETH,2334.8900,2336.5800,1.6900,1.6850,YES
2025-05-09T14:20:23.123843,ETH,2334.8800,2337.2800,2.4000,2.3950,YES
2025-05-09T14:20:23.123843,ETH,2334.8600,2337.2800,2.4200,2.4150,YES
2025-05-09T14:20:23.123843,ETH,2334.8600,2336.6200,1.7600,1.7550,YES
2025-05-09T14:20:23.123843,ETH,2334.8500,2336.5800,1.7300,1.7250,YES
2025-05-09T14:20:23.123843,ETH,2334.8500,2336.5800,1.7300,1.7250,YES
2025-05-09T14:20:23.123843,ETH,2334.8500,2336.6200,1.7700,1.7650,YES
2025-05-09T14:20:23.130365,ETH,2334.8500,2336.6200,1.7700,1.7650,YES
2025-05-09T14:20:23.131151,ETH,2334.8300,2336.6200,1.7900,1.7850,YES
2025-05-09T14:20:23.131151,ETH,2334.8200,2336.6200,1.8000,1.7950,YES
2025-05-09T14:20:23.131151,ETH,2334.8200,2336.6200,1.8000,1.7950,YES
2025-05-09T14:20:23.131151,ETH,2334.8000,2337.2800,2.4800,2.4750,YES
2025-05-09T14:20:23.131151,ETH,2334.8000,2337.2800,2.4800,2.4750,YES
2025-05-09T14:20:23.131151,ETH,2334.7900,2337.2800,2.4900,2.4850,YES
2025-05-09T14:20:23.131151,ETH,2334.7800,2337.2800,2.5000,2.4950,YES
2025-05-09T14:20:23.138680,ETH,2334.7800,2337.3000,2.5200,2.5150,YES
2025-05-09T14:20:23.138680,ETH,2334.7700,2337.3000,2.5300,2.5250,YES
2025-05-09T14:20:23.138680,ETH,2334.7500,2337.3000,2.5500,2.5450,YES
2025-05-09T14:20:23.138680,ETH,2334.7300,2337.3000,2.5700,2.5650,YES
2025-05-09T14:20:23.138680,ETH,2334.7300,2337.3000,2.5700,2.5650,YES
2025-05-09T14:20:23.138680,ETH,2334.7200,2337.0900,2.3700,2.3650,YES
2025-05-09T14:20:23.138680,ETH,2334.7200,2337.0900,2.3700,2.3650,YES
2025-05-09T14:20:23.138680,ETH,2334.7200,2337.4000,2.6800,2.6750,YES
2025-05-09T14:20:23.138680,ETH,2334.7200,2337.4000,2.6800,2.6750,YES
2025-05-09T14:20:23.138680,ETH,2334.7100,2337.4000,2.6900,2.6850,YES
2025-05-09T14:20:23.147040,ETH,2334.7000,2337.4000,2.7000,2.6950,YES
2025-05-09T14:20:23.147040,ETH,2334.7000,2337.6300,2.9300,2.9250,YES
2025-05-09T14:20:23.155174,ETH,2334.7000,2336.9000,2.2000,2.1950,YES
2025-05-09T14:20:23.155174,ETH,2334.7000,2336.8500,2.1500,2.1450,YES
2025-05-09T14:20:23.155174,ETH,2334.7000,2336.8000,2.1000,2.0950,YES
2025-05-09T14:20:23.155174,ETH,2334.6700,2336.8000,2.1300,2.1250,YES
2025-05-09T14:20:23.155174,ETH,2334.6500,2336.8000,2.1500,2.1450,YES
2025-05-09T14:20:23.155174,ETH,2334.6500,2336.8000,2.1500,2.1450,YES
2025-05-09T14:20:23.155174,ETH,2334.6500,2336.8000,2.1500,2.1450,YES
2025-05-09T14:20:23.155174,ETH,2334.6500,2336.5800,1.9300,1.9250,YES
2025-05-09T14:20:23.163556,ETH,2334.6500,2336.5800,1.9300,1.9250,YES
2025-05-09T14:20:23.163556,ETH,2334.6500,2336.5000,1.8500,1.8450,YES
2025-05-09T14:20:23.163556,ETH,2334.6500,2336.5000,1.8500,1.8450,YES
2025-05-09T14:20:23.171655,ETH,2334.6500,2336.4800,1.8300,1.8250,YES
2025-05-09T14:20:23.177030,ETH,2334.6500,2336.4500,1.8000,1.7950,YES
2025-05-09T14:20:23.301390,ETH,2334.6500,2338.1700,3.5200,3.5150,YES
2025-05-09T14:20:23.589216,ETH,2333.2400,2338.2000,4.9600,4.9550,YES
2025-05-09T14:20:23.589216,ETH,2334.0000,2338.2000,4.2000,4.1950,YES
2025-05-09T14:20:23.589216,ETH,2335.0000,2338.2000,3.2000,3.1950,YES
2025-05-09T14:20:23.589216,ETH,2335.0000,2338.2100,3.2100,3.2050,YES
2025-05-09T14:20:23.589216,ETH,2336.0000,2337.8200,1.8200,1.8150,YES
2025-05-09T14:20:23.597737,ETH,2336.0000,2337.8200,1.8200,1.8150,YES
2025-05-09T14:20:23.597737,ETH,2335.8800,2337.8200,1.9400,1.9350,YES
2025-05-09T14:20:23.597737,ETH,2337.3400,2337.8200,0.4800,0.4750,YES
2025-05-09T14:20:23.600497,ETH,2337.1800,2337.8200,0.6400,0.6350,YES
2025-05-09T14:20:23.600497,ETH,2337.1800,2337.8200,0.6400,0.6350,YES
2025-05-09T14:20:23.605526,ETH,2337.1800,2337.6000,0.4200,0.4150,YES
2025-05-09T14:20:23.605526,ETH,2337.1800,2337.6000,0.4200,0.4150,YES
2025-05-09T14:20:23.605526,ETH,2337.1800,2337.6000,0.4200,0.4150,YES
2025-05-09T14:20:23.605526,ETH,2337.1800,2337.6200,0.4400,0.4350,YES
2025-05-09T14:20:23.605526,ETH,2337.3400,2337.6000,0.2600,0.2550,YES
2025-05-09T14:20:23.610236,ETH,2337.3400,2337.5900,0.2500,0.2450,YES
2025-05-09T14:20:23.610236,ETH,2337.3400,2337.5900,0.2500,0.2450,YES
2025-05-09T14:20:23.610236,ETH,2337.3400,2337.5900,0.2500,0.2450,YES
2025-05-09T14:20:23.610236,ETH,2337.2200,2337.5900,0.3700,0.3650,YES
2025-05-09T14:20:23.610236,ETH,2337.2200,2337.5900,0.3700,0.3650,YES
2025-05-09T14:20:23.613794,ETH,2337.2200,2337.5900,0.3700,0.3650,YES
2025-05-09T14:20:23.613794,ETH,2337.1100,2337.5900,0.4800,0.4750,YES
2025-05-09T14:20:23.613794,ETH,2337.1100,2337.5900,0.4800,0.4750,YES
2025-05-09T14:20:23.613794,ETH,2337.1100,2337.5900,0.4800,0.4750,YES
2025-05-09T14:20:23.613794,ETH,2337.1900,2337.4200,0.2300,0.2250,YES
2025-05-09T14:20:23.613794,ETH,2337.1900,2337.5900,0.4000,0.3950,YES
2025-05-09T14:20:23.622035,ETH,2337.1900,2337.3100,0.1200,0.1150,YES
2025-05-09T14:20:23.622035,ETH,2337.2100,2337.3000,0.0900,0.0850,YES
2025-05-09T14:20:23.622035,ETH,2337.2100,2337.3000,0.0900,0.0850,YES
2025-05-09T14:20:23.622035,ETH,2337.2100,2337.3000,0.0900,0.0850,YES
2025-05-09T14:20:23.622035,ETH,2337.2000,2337.3000,0.1000,0.0950,YES
2025-05-09T14:20:23.622035,ETH,2337.2000,2337.3000,0.1000,0.0950,YES
2025-05-09T14:20:23.622035,ETH,2337.1800,2337.3000,0.1200,0.1150,YES
2025-05-09T14:20:23.630531,ETH,2337.1800,2337.3000,0.1200,0.1150,YES
2025-05-09T14:20:23.630531,ETH,2337.1100,2337.3000,0.1900,0.1850,YES
2025-05-09T14:20:23.630531,ETH,2337.1800,2337.2900,0.1100,0.1050,YES
2025-05-09T14:20:23.630531,ETH,2337.1200,2337.2900,0.1700,0.1650,YES
2025-05-09T14:20:23.630531,ETH,2337.1200,2337.2800,0.1600,0.1550,YES
2025-05-09T14:20:23.630531,ETH,2337.1200,2337.2800,0.1600,0.1550,YES
2025-05-09T14:20:23.630531,ETH,2337.1200,2337.2800,0.1600,0.1550,YES
2025-05-09T14:20:23.630531,ETH,2337.1200,2337.3900,0.2700,0.2650,YES
2025-05-09T14:20:23.630531,ETH,2337.1100,2337.3900,0.2800,0.2750,YES
2025-05-09T14:20:23.630531,ETH,2337.1100,2337.3900,0.2800,0.2750,YES
2025-05-09T14:20:23.638645,ETH,2336.9200,2337.2800,0.3600,0.3550,YES
2025-05-09T14:20:23.638645,ETH,2336.9100,2337.2600,0.3500,0.3450,YES
2025-05-09T14:20:23.638645,ETH,2336.9100,2337.2600,0.3500,0.3450,YES
2025-05-09T14:20:23.638645,ETH,2336.9000,2337.2500,0.3500,0.3450,YES
2025-05-09T14:20:23.638645,ETH,2336.8000,2337.2300,0.4300,0.4250,YES
2025-05-09T14:20:23.638645,ETH,2336.7300,2337.2100,0.4800,0.4750,YES
2025-05-09T14:20:23.638645,ETH,2336.7300,2337.2100,0.4800,0.4750,YES
2025-05-09T14:20:23.638645,ETH,2336.7300,2337.2100,0.4800,0.4750,YES
2025-05-09T14:20:23.638645,ETH,2336.7300,2337.2000,0.4700,0.4650,YES
2025-05-09T14:20:23.638645,ETH,2336.7300,2337.1700,0.4400,0.4350,YES
2025-05-09T14:20:23.638645,ETH,2336.7100,2337.1700,0.4600,0.4550,YES
2025-05-09T14:20:23.638645,ETH,2336.7100,2337.1300,0.4200,0.4150,YES
2025-05-09T14:20:23.638645,ETH,2336.9900,2337.1200,0.1300,0.1250,YES
2025-05-09T14:20:23.646697,ETH,2337.1000,2337.1200,0.0200,0.0150,YES
2025-05-09T14:20:29.456667,ETH,2339.8300,2339.8700,0.0400,0.0350,YES
2025-05-09T14:20:29.515442,ETH,2339.8000,2339.9200,0.1200,0.1150,YES
2025-05-09T14:20:29.527683,ETH,2339.7400,2339.9200,0.1800,0.1750,YES
2025-05-09T14:20:29.593043,ETH,2339.7300,2340.0800,0.3500,0.3450,YES
2025-05-09T14:20:29.593043,ETH,2339.7400,2340.0800,0.3400,0.3350,YES
2025-05-09T14:20:29.645680,ETH,2339.7400,2340.2300,0.4900,0.4850,YES
2025-05-09T14:20:29.666677,ETH,2339.7400,2340.5100,0.7700,0.7650,YES
2025-05-09T14:20:29.792323,ETH,2339.7400,2340.2400,0.5000,0.4950,YES
2025-05-09T14:20:29.810368,ETH,2339.8300,2340.2300,0.4000,0.3950,YES
2025-05-09T14:20:29.829621,ETH,2339.8400,2340.0800,0.2400,0.2350,YES
2025-05-09T14:20:29.837690,ETH,2339.8500,2339.9400,0.0900,0.0850,YES
2025-05-09T14:20:29.887016,ETH,2340.0200,2340.2500,0.2300,0.2250,YES
2025-05-09T14:20:30.029502,ETH,2340.3300,2340.3800,0.0500,0.0450,YES
2025-05-09T14:20:57.219936,ETH,2340.8000,2340.8500,0.0500,0.0450,YES
2025-05-09T14:21:10.193795,ETH,2338.6300,2338.8000,0.1700,0.1650,YES
2025-05-09T14:21:10.193795,ETH,2338.6000,2338.8000,0.2000,0.1950,YES
2025-05-09T14:21:10.193795,ETH,2338.4200,2338.8000,0.3800,0.3750,YES
2025-05-09T14:21:10.539223,ETH,2338.4300,2338.5500,0.1200,0.1150,YES
2025-05-09T14:21:10.651989,ETH,2338.4300,2338.5500,0.1200,0.1150,YES
2025-05-09T14:21:10.669216,ETH,2338.4300,2338.4400,0.0100,0.0050,YES
2025-05-09T14:21:10.887623,ETH,2338.4300,2338.4400,0.0100,0.0050,YES
2025-05-09T14:21:11.277791,ETH,2337.2700,2338.2000,0.9300,0.9250,YES
2025-05-09T14:21:11.283400,ETH,2337.2600,2338.2000,0.9400,0.9350,YES
2025-05-09T14:21:11.294530,ETH,2337.1900,2338.1800,0.9900,0.9850,YES
2025-05-09T14:21:11.361772,ETH,2337.0400,2338.1800,1.1400,1.1350,YES
2025-05-09T14:21:11.506105,ETH,2337.0100,2338.4100,1.4000,1.3950,YES
2025-05-09T14:21:11.562865,ETH,2336.9800,2338.4100,1.4300,1.4250,YES
2025-05-09T14:21:11.626650,ETH,2336.9800,2338.4100,1.4300,1.4250,YES
2025-05-09T14:21:11.905437,ETH,2337.1100,2338.4100,1.3000,1.2950,YES
2025-05-09T14:21:12.031564,ETH,2337.1200,2338.4100,1.2900,1.2850,YES
2025-05-09T14:21:12.084253,ETH,2337.1200,2338.4100,1.2900,1.2850,YES
2025-05-09T14:21:12.255074,ETH,2337.1200,2338.4100,1.2900,1.2850,YES
2025-05-09T14:21:12.378193,ETH,2337.1200,2338.4200,1.3000,1.2950,YES
2025-05-09T14:21:12.378193,ETH,2337.1200,2338.4200,1.3000,1.2950,YES
2025-05-09T14:21:12.455683,ETH,2337.1100,2338.1700,1.0600,1.0550,YES
2025-05-09T14:21:12.554914,ETH,2337.1200,2338.1600,1.0400,1.0350,YES
2025-05-09T14:21:12.570471,ETH,2337.1200,2338.0000,0.8800,0.8750,YES
2025-05-09T14:21:12.585355,ETH,2337.2600,2337.9400,0.6800,0.6750,YES
2025-05-09T14:21:12.589186,ETH,2337.2800,2337.9400,0.6600,0.6550,YES
2025-05-09T14:21:12.589186,ETH,2337.3500,2337.9400,0.5900,0.5850,YES
2025-05-09T14:21:12.589186,ETH,2337.3900,2337.9000,0.5100,0.5050,YES
2025-05-09T14:21:12.593977,ETH,2337.4000,2337.8600,0.4600,0.4550,YES
2025-05-09T14:21:12.593977,ETH,2337.4000,2337.8500,0.4500,0.4450,YES
2025-05-09T14:21:12.593977,ETH,2337.4200,2337.8400,0.4200,0.4150,YES
2025-05-09T14:21:12.593977,ETH,2337.4300,2337.8400,0.4100,0.4050,YES
2025-05-09T14:21:12.701304,ETH,2337.4500,2337.5100,0.0600,0.0550,YES
2025-05-09T14:21:16.395366,ETH,2338.4000,2338.4100,0.0100,0.0050,YES
2025-05-09T14:21:16.405227,ETH,2338.3600,2338.5800,0.2200,0.2150,YES
2025-05-09T14:21:16.407112,ETH,2338.3600,2338.5800,0.2200,0.2150,YES
2025-05-09T14:21:16.408703,ETH,2338.3300,2338.6200,0.2900,0.2850,YES
2025-05-09T14:21:16.410710,ETH,2338.3000,2338.7000,0.4000,0.3950,YES
2025-05-09T14:21:16.419904,ETH,2338.2400,2338.8000,0.5600,0.5550,YES
2025-05-09T14:21:16.460894,ETH,2338.2000,2338.7300,0.5300,0.5250,YES
2025-05-09T14:21:16.477474,ETH,2338.1500,2338.7400,0.5900,0.5850,YES
2025-05-09T14:21:16.503256,ETH,2338.0200,2338.7400,0.7200,0.7150,YES
2025-05-09T14:21:16.550052,ETH,2338.0300,2338.6300,0.6000,0.5950,YES
2025-05-09T14:21:16.628821,ETH,2338.0200,2338.5600,0.5400,0.5350,YES
2025-05-09T14:21:16.703366,ETH,2337.9200,2338.2600,0.3400,0.3350,YES
2025-05-09T14:21:16.744632,ETH,2337.7600,2338.2500,0.4900,0.4850,YES
2025-05-09T14:21:16.753239,ETH,2337.7500,2338.1200,0.3700,0.3650,YES
2025-05-09T14:21:16.761508,ETH,2337.6100,2338.1100,0.5000,0.4950,YES
2025-05-09T14:21:16.964238,ETH,2337.1700,2337.3000,0.1300,0.1250,YES
2025-05-09T14:22:16.670926,ETH,2343.0100,2343.0600,0.0500,0.0450,YES
2025-05-09T14:22:16.670926,ETH,2343.0000,2343.0600,0.0600,0.0550,YES
2025-05-09T14:22:16.670926,ETH,2342.9900,2343.0600,0.0700,0.0650,YES
2025-05-09T14:22:16.670926,ETH,2342.9600,2343.0600,0.1000,0.0950,YES
2025-05-09T14:22:45.142538,ETH,2342.3700,2342.3800,0.0100,0.0050,YES
2025-05-09T14:22:45.142538,ETH,2342.1900,2342.3600,0.1700,0.1650,YES
2025-05-09T14:22:45.150869,ETH,2342.1900,2342.3600,0.1700,0.1650,YES
2025-05-09T14:22:45.150869,ETH,2342.1900,2342.3500,0.1600,0.1550,YES
2025-05-09T14:22:45.150869,ETH,2342.1900,2342.3400,0.1500,0.1450,YES
2025-05-09T14:22:45.150869,ETH,2342.1900,2342.3400,0.1500,0.1450,YES
2025-05-09T14:22:45.150869,ETH,2342.1900,2342.3300,0.1400,0.1350,YES
2025-05-09T14:22:45.159028,ETH,2342.1900,2342.3200,0.1300,0.1250,YES
2025-05-09T14:22:45.159028,ETH,2342.1900,2342.3200,0.1300,0.1250,YES
2025-05-09T14:22:45.159028,ETH,2342.1900,2342.3200,0.1300,0.1250,YES
2025-05-09T14:22:45.159028,ETH,2342.1900,2342.2900,0.1000,0.0950,YES
2025-05-09T14:22:45.159028,ETH,2342.1900,2342.2800,0.0900,0.0850,YES
2025-05-09T14:22:45.159028,ETH,2342.1900,2342.2800,0.0900,0.0850,YES
2025-05-09T14:22:45.159028,ETH,2342.1600,2342.2700,0.1100,0.1050,YES
2025-05-09T14:22:45.159028,ETH,2342.0900,2342.2700,0.1800,0.1750,YES
2025-05-09T14:22:45.159028,ETH,2342.0800,2342.2700,0.1900,0.1850,YES
2025-05-09T14:22:45.165447,ETH,2341.9300,2342.2500,0.3200,0.3150,YES
2025-05-09T14:22:45.165447,ETH,2341.9200,2342.2400,0.3200,0.3150,YES
2025-05-09T14:22:45.165447,ETH,2341.9100,2342.2200,0.3100,0.3050,YES
2025-05-09T14:22:45.165447,ETH,2341.8900,2342.2200,0.3300,0.3250,YES
2025-05-09T14:22:45.165447,ETH,2341.8500,2342.2100,0.3600,0.3550,YES
2025-05-09T14:22:45.165447,ETH,2341.6800,2342.2100,0.5300,0.5250,YES
2025-05-09T14:22:45.165447,ETH,2341.6800,2342.2100,0.5300,0.5250,YES
2025-05-09T14:22:45.165447,ETH,2341.6700,2342.2100,0.5400,0.5350,YES
2025-05-09T14:22:45.165447,ETH,2341.5500,2342.2200,0.6700,0.6650,YES
2025-05-09T14:22:45.165447,ETH,2342.0500,2342.2100,0.1600,0.1550,YES
2025-05-09T14:23:01.338207,ETH,2341.9600,2342.0300,0.0700,0.0650,YES
2025-05-09T14:23:01.338207,ETH,2341.9400,2342.0300,0.0900,0.0850,YES
2025-05-09T14:23:01.338207,ETH,2341.8500,2342.0300,0.1800,0.1750,YES
2025-05-09T14:23:01.346755,ETH,2341.9100,2342.0300,0.1200,0.1150,YES
2025-05-09T14:23:01.587463,ETH,2341.8200,2342.0300,0.2100,0.2050,YES
2025-05-09T14:23:01.591488,ETH,2341.8300,2341.9200,0.0900,0.0850,YES
2025-05-09T14:23:01.593499,ETH,2341.8300,2341.9200,0.0900,0.0850,YES
2025-05-09T14:23:01.595639,ETH,2341.8400,2341.9200,0.0800,0.0750,YES
2025-05-09T14:23:01.595639,ETH,2341.8600,2341.9200,0.0600,0.0550,YES
2025-05-09T14:23:15.232775,ETH,2338.8400,2339.0000,0.1600,0.1550,YES
2025-05-09T14:23:29.653845,ETH,2333.0500,2334.0500,1.0000,0.9950,YES
2025-05-09T14:23:29.660908,ETH,2333.0400,2333.9800,0.9400,0.9350,YES
2025-05-09T14:23:29.692786,ETH,2332.6200,2333.9900,1.3700,1.3650,YES
2025-05-09T14:23:29.701918,ETH,2333.0000,2333.6000,0.6000,0.5950,YES
2025-05-09T14:23:29.701918,ETH,2332.9100,2333.6300,0.7200,0.7150,YES
2025-05-09T14:23:29.701918,ETH,2332.8900,2333.5700,0.6800,0.6750,YES
2025-05-09T14:23:29.701918,ETH,2332.9000,2333.5000,0.6000,0.5950,YES
2025-05-09T14:23:29.701918,ETH,2332.8900,2333.5000,0.6100,0.6050,YES
2025-05-09T14:23:29.709307,ETH,2332.8900,2333.4900,0.6000,0.5950,YES
2025-05-09T14:23:29.709981,ETH,2332.9000,2333.4700,0.5700,0.5650,YES
2025-05-09T14:23:29.709981,ETH,2332.9100,2333.4400,0.5300,0.5250,YES
2025-05-09T14:23:30.103756,ETH,2332.9800,2333.4700,0.4900,0.4850,YES
2025-05-09T14:23:30.123457,ETH,2333.1600,2333.4000,0.2400,0.2350,YES
2025-05-09T14:23:30.195073,ETH,2333.3100,2333.3600,0.0500,0.0450,YES
2025-05-09T14:23:35.995336,ETH,2333.5500,2333.5900,0.0400,0.0350,YES
2025-05-09T14:23:36.006382,ETH,2333.5500,2333.5900,0.0400,0.0350,YES
2025-05-09T14:23:36.153497,ETH,2333.5500,2333.9100,0.3600,0.3550,YES
2025-05-09T14:23:36.160453,ETH,2333.5500,2333.9200,0.3700,0.3650,YES
2025-05-09T14:23:36.160453,ETH,2333.5500,2333.9200,0.3700,0.3650,YES
2025-05-09T14:23:36.160453,ETH,2333.5500,2333.9200,0.3700,0.3650,YES
2025-05-09T14:23:36.160453,ETH,2333.5500,2333.9200,0.3700,0.3650,YES
2025-05-09T14:23:36.160453,ETH,2333.5500,2333.9200,0.3700,0.3650,YES
2025-05-09T14:23:36.160453,ETH,2333.5500,2333.9200,0.3700,0.3650,YES
2025-05-09T14:23:36.168808,ETH,2333.5500,2333.9200,0.3700,0.3650,YES
2025-05-09T14:23:36.168808,ETH,2333.5500,2333.9200,0.3700,0.3650,YES
2025-05-09T14:23:36.168808,ETH,2333.5500,2333.9300,0.3800,0.3750,YES
2025-05-09T14:23:36.168808,ETH,2333.5500,2333.9800,0.4300,0.4250,YES
2025-05-09T14:23:36.168808,ETH,2333.5500,2334.0000,0.4500,0.4450,YES
2025-05-09T14:23:36.168808,ETH,2333.5500,2334.0100,0.4600,0.4550,YES
2025-05-09T14:23:36.177160,ETH,2333.5400,2334.0500,0.5100,0.5050,YES
2025-05-09T14:23:36.391416,ETH,2333.2100,2334.0500,0.8400,0.8350,YES
2025-05-09T14:23:36.560501,ETH,2333.2200,2333.2500,0.0300,0.0250,YES
2025-05-09T14:23:36.915907,ETH,2333.5300,2334.0500,0.5200,0.5150,YES
2025-05-09T14:23:38.620742,ETH,2333.9900,2334.0000,0.0100,0.0050,YES
2025-05-09T14:24:05.530340,ETH,2333.5000,2333.5300,0.0300,0.0250,YES
2025-05-09T14:25:06.812350,ETH,2329.2800,2330.0600,0.7800,0.7750,YES
2025-05-09T14:25:06.862811,ETH,2329.3200,2329.9000,0.5800,0.5750,YES
2025-05-09T14:25:07.045654,ETH,2329.0700,2329.8000,0.7300,0.7250,YES
2025-05-09T14:25:07.078281,ETH,2329.0700,2329.3600,0.2900,0.2850,YES
2025-05-09T14:25:07.770224,ETH,2327.3600,2329.3600,2.0000,1.9950,YES
2025-05-09T14:25:07.779185,ETH,2327.3600,2329.6900,2.3300,2.3250,YES
2025-05-09T14:25:07.838090,ETH,2326.7200,2329.6900,2.9700,2.9650,YES
2025-05-09T14:25:07.844131,ETH,2326.7200,2329.4600,2.7400,2.7350,YES
2025-05-09T14:25:08.027149,ETH,2326.6400,2329.5300,2.8900,2.8850,YES
2025-05-09T14:25:08.058690,ETH,2326.6300,2329.5400,2.9100,2.9050,YES
2025-05-09T14:25:08.535291,ETH,2326.4500,2329.4600,3.0100,3.0050,YES
2025-05-09T14:25:08.560619,ETH,2326.4500,2329.2000,2.7500,2.7450,YES
2025-05-09T14:25:08.778722,ETH,2326.0000,2329.2000,3.2000,3.1950,YES
2025-05-09T14:25:08.818682,ETH,2326.0200,2329.0000,2.9800,2.9750,YES
2025-05-09T14:25:08.940485,ETH,2325.2900,2329.0000,3.7100,3.7050,YES
2025-05-09T14:25:08.948564,ETH,2325.2800,2329.0000,3.7200,3.7150,YES
2025-05-09T14:25:08.948564,ETH,2325.2800,2329.0000,3.7200,3.7150,YES
2025-05-09T14:25:08.952607,ETH,2325.2800,2329.0000,3.7200,3.7150,YES
2025-05-09T14:25:08.953344,ETH,2325.2800,2329.0000,3.7200,3.7150,YES
2025-05-09T14:25:08.961452,ETH,2325.2900,2328.9700,3.6800,3.6750,YES
2025-05-09T14:25:09.221426,ETH,2324.7500,2328.9700,4.2200,4.2150,YES
2025-05-09T14:25:09.221426,ETH,2324.7500,2328.9600,4.2100,4.2050,YES
2025-05-09T14:25:09.226121,ETH,2324.7300,2328.8600,4.1300,4.1250,YES
2025-05-09T14:25:09.300362,ETH,2324.4000,2328.8600,4.4600,4.4550,YES
2025-05-09T14:25:09.353972,ETH,2324.4000,2328.8100,4.4100,4.4050,YES
2025-05-09T14:25:09.468573,ETH,2323.7700,2328.8000,5.0300,5.0250,YES
2025-05-09T14:25:09.490666,ETH,2323.7700,2328.6800,4.9100,4.9050,YES
2025-05-09T14:25:09.503769,ETH,2323.7600,2328.6700,4.9100,4.9050,YES
2025-05-09T14:25:09.704140,ETH,2323.4100,2328.6400,5.2300,5.2250,YES
2025-05-09T14:25:09.704140,ETH,2323.4100,2328.6400,5.2300,5.2250,YES
2025-05-09T14:25:09.704140,ETH,2323.4000,2328.6400,5.2400,5.2350,YES
2025-05-09T14:25:09.704140,ETH,2323.4000,2328.6200,5.2200,5.2150,YES
2025-05-09T14:25:09.704140,ETH,2323.3800,2328.6200,5.2400,5.2350,YES
2025-05-09T14:25:09.704140,ETH,2323.3700,2328.6200,5.2500,5.2450,YES
2025-05-09T14:25:09.704140,ETH,2323.3700,2328.6200,5.2500,5.2450,YES
2025-05-09T14:25:09.712182,ETH,2323.3600,2328.6200,5.2600,5.2550,YES
2025-05-09T14:25:09.712182,ETH,2323.3600,2328.6100,5.2500,5.2450,YES
2025-05-09T14:25:09.712182,ETH,2323.3500,2328.6100,5.2600,5.2550,YES
2025-05-09T14:25:09.712182,ETH,2323.3400,2328.6000,5.2600,5.2550,YES
2025-05-09T14:25:09.716948,ETH,2323.3300,2328.6000,5.2700,5.2650,YES
2025-05-09T14:25:09.720483,ETH,2323.3300,2328.5900,5.2600,5.2550,YES
2025-05-09T14:25:09.720483,ETH,2323.3300,2328.5900,5.2600,5.2550,YES
2025-05-09T14:25:09.720483,ETH,2323.3200,2328.5800,5.2600,5.2550,YES
2025-05-09T14:25:09.720483,ETH,2323.2900,2328.5800,5.2900,5.2850,YES
2025-05-09T14:25:09.720483,ETH,2323.2900,2328.5800,5.2900,5.2850,YES
2025-05-09T14:25:09.720483,ETH,2323.2800,2328.5800,5.3000,5.2950,YES
2025-05-09T14:25:09.720483,ETH,2323.2800,2328.5800,5.3000,5.2950,YES
2025-05-09T14:25:09.726717,ETH,2323.2500,2328.5700,5.3200,5.3150,YES
2025-05-09T14:25:09.728982,ETH,2323.4800,2328.5400,5.0600,5.0550,YES
2025-05-09T14:25:09.728982,ETH,2323.4300,2328.5400,5.1100,5.1050,YES
2025-05-09T14:25:09.728982,ETH,2323.2500,2328.5400,5.2900,5.2850,YES
2025-05-09T14:25:09.867133,ETH,2323.0100,2328.5400,5.5300,5.5250,YES
2025-05-09T14:25:09.985373,ETH,2322.4500,2328.4300,5.9800,5.9750,YES
2025-05-09T14:25:10.143172,ETH,2320.7900,2328.4200,7.6300,7.6250,YES
2025-05-09T14:25:10.176322,ETH,2320.8100,2328.3000,7.4900,7.4850,YES
2025-05-09T14:25:10.176322,ETH,2321.6300,2328.3000,6.6700,6.6650,YES
2025-05-09T14:25:10.184384,ETH,2321.6300,2328.1500,6.5200,6.5150,YES
2025-05-09T14:25:10.192818,ETH,2321.6300,2328.1500,6.5200,6.5150,YES
2025-05-09T14:25:10.192818,ETH,2321.6300,2328.1500,6.5200,6.5150,YES
2025-05-09T14:25:10.200831,ETH,2321.6500,2328.1500,6.5000,6.4950,YES
2025-05-09T14:25:10.200831,ETH,2321.6800,2328.1800,6.5000,6.4950,YES
2025-05-09T14:25:10.200831,ETH,2321.6800,2328.1500,6.4700,6.4650,YES
2025-05-09T14:25:10.225029,ETH,2321.8900,2328.1500,6.2600,6.2550,YES
2025-05-09T14:25:10.233473,ETH,2321.9100,2328.1500,6.2400,6.2350,YES
2025-05-09T14:25:10.233473,ETH,2321.6500,2328.1500,6.5000,6.4950,YES
2025-05-09T14:25:10.715414,ETH,2322.3800,2328.1500,5.7700,5.7650,YES
2025-05-09T14:25:10.721021,ETH,2322.3800,2328.0000,5.6200,5.6150,YES
2025-05-09T14:25:10.953749,ETH,2323.3300,2328.0000,4.6700,4.6650,YES
2025-05-09T14:25:10.953749,ETH,2323.3200,2328.0000,4.6800,4.6750,YES
2025-05-09T14:25:10.959622,ETH,2323.3400,2328.2800,4.9400,4.9350,YES
2025-05-09T14:25:11.122775,ETH,2323.9200,2327.9500,4.0300,4.0250,YES
2025-05-09T14:25:11.122775,ETH,2323.9200,2327.9500,4.0300,4.0250,YES
2025-05-09T14:25:11.139504,ETH,2323.9200,2327.6800,3.7600,3.7550,YES
2025-05-09T14:25:11.188042,ETH,2323.9300,2328.1800,4.2500,4.2450,YES
2025-05-09T14:25:11.196631,ETH,2323.9300,2327.6800,3.7500,3.7450,YES
2025-05-09T14:25:11.426616,ETH,2324.6000,2327.6800,3.0800,3.0750,YES
2025-05-09T14:25:11.426616,ETH,2324.6500,2327.4000,2.7500,2.7450,YES
2025-05-09T14:25:11.426616,ETH,2324.6500,2327.4000,2.7500,2.7450,YES
2025-05-09T14:25:11.426616,ETH,2324.6500,2327.4000,2.7500,2.7450,YES
2025-05-09T14:25:11.434775,ETH,2324.6500,2327.4000,2.7500,2.7450,YES
2025-05-09T14:25:11.434775,ETH,2324.6500,2328.3300,3.6800,3.6750,YES
2025-05-09T14:25:11.434775,ETH,2324.6500,2327.4000,2.7500,2.7450,YES
2025-05-09T14:25:11.434775,ETH,2324.6500,2328.2400,3.5900,3.5850,YES
2025-05-09T14:25:11.659941,ETH,2324.7600,2328.2400,3.4800,3.4750,YES
2025-05-09T14:25:11.675261,ETH,2324.7700,2328.1500,3.3800,3.3750,YES
2025-05-09T14:25:11.983823,ETH,2324.5500,2328.2500,3.7000,3.6950,YES
2025-05-09T14:25:11.999951,ETH,2324.6600,2328.0000,3.3400,3.3350,YES
2025-05-09T14:25:12.140586,ETH,2324.5200,2328.0000,3.4800,3.4750,YES
2025-05-09T14:25:12.140586,ETH,2324.4200,2327.8000,3.3800,3.3750,YES
2025-05-09T14:25:12.140586,ETH,2324.4200,2327.8000,3.3800,3.3750,YES
2025-05-09T14:25:12.156713,ETH,2324.4200,2328.1500,3.7300,3.7250,YES
2025-05-09T14:25:12.269533,ETH,2323.5700,2328.0300,4.4600,4.4550,YES
2025-05-09T14:25:12.272633,ETH,2323.5600,2327.7200,4.1600,4.1550,YES
2025-05-09T14:25:12.619296,ETH,2323.0300,2327.7200,4.6900,4.6850,YES
2025-05-09T14:25:12.627375,ETH,2323.2300,2327.7200,4.4900,4.4850,YES
2025-05-09T14:25:12.636047,ETH,2323.2400,2327.7100,4.4700,4.4650,YES
2025-05-09T14:25:12.643735,ETH,2323.2300,2327.7100,4.4800,4.4750,YES
2025-05-09T14:25:12.643735,ETH,2323.2400,2327.7100,4.4700,4.4650,YES
2025-05-09T14:25:12.651935,ETH,2323.2400,2327.1700,3.9300,3.9250,YES
2025-05-09T14:25:12.668000,ETH,2323.2600,2327.0200,3.7600,3.7550,YES
2025-05-09T14:25:12.669220,ETH,2323.3400,2327.4000,4.0600,4.0550,YES
2025-05-09T14:25:12.669220,ETH,2323.4200,2328.0800,4.6600,4.6550,YES
2025-05-09T14:25:12.686091,ETH,2323.4200,2327.8200,4.4000,4.3950,YES
2025-05-09T14:25:12.841645,ETH,2323.9100,2327.8200,3.9100,3.9050,YES
2025-05-09T14:25:12.860908,ETH,2323.9000,2327.7200,3.8200,3.8150,YES
2025-05-09T14:25:12.901351,ETH,2323.9100,2327.7000,3.7900,3.7850,YES
2025-05-09T14:25:13.097418,ETH,2324.5700,2327.6700,3.1000,3.0950,YES
2025-05-09T14:25:13.100841,ETH,2324.5800,2327.1600,2.5800,2.5750,YES
2025-05-09T14:25:13.339900,ETH,2323.7000,2327.0000,3.3000,3.2950,YES
2025-05-09T14:25:13.543438,ETH,2323.7100,2326.6300,2.9200,2.9150,YES
2025-05-09T14:25:13.575515,ETH,2324.3200,2326.6300,2.3100,2.3050,YES
2025-05-09T14:25:13.635084,ETH,2324.3200,2326.1100,1.7900,1.7850,YES
2025-05-09T14:25:13.818202,ETH,2324.2600,2326.1100,1.8500,1.8450,YES
2025-05-09T14:25:13.820771,ETH,2324.2100,2326.1100,1.9000,1.8950,YES
2025-05-09T14:25:13.826502,ETH,2324.1000,2326.0800,1.9800,1.9750,YES
2025-05-09T14:25:13.835416,ETH,2324.1000,2326.0000,1.9000,1.8950,YES
2025-05-09T14:25:14.052015,ETH,2323.8400,2326.0000,2.1600,2.1550,YES
2025-05-09T14:25:14.085110,ETH,2323.8400,2325.4800,1.6400,1.6350,YES
2025-05-09T14:25:14.562632,ETH,2322.1300,2325.4800,3.3500,3.3450,YES
2025-05-09T14:25:14.575900,ETH,2322.1400,2325.4800,3.3400,3.3350,YES
2025-05-09T14:25:14.584812,ETH,2322.1300,2325.4700,3.3400,3.3350,YES
2025-05-09T14:25:14.584812,ETH,2322.1300,2325.4700,3.3400,3.3350,YES
2025-05-09T14:25:14.601129,ETH,2322.1100,2325.4600,3.3500,3.3450,YES
2025-05-09T14:25:14.601129,ETH,2322.0900,2325.4500,3.3600,3.3550,YES
2025-05-09T14:25:14.601129,ETH,2322.0800,2325.4500,3.3700,3.3650,YES
2025-05-09T14:25:14.605658,ETH,2322.0300,2325.4500,3.4200,3.4150,YES
2025-05-09T14:25:14.605658,ETH,2322.0000,2325.4500,3.4500,3.4450,YES
2025-05-09T14:25:14.605658,ETH,2321.7100,2325.7400,4.0300,4.0250,YES
2025-05-09T14:25:14.609314,ETH,2321.7100,2325.4500,3.7400,3.7350,YES
2025-05-09T14:25:14.609314,ETH,2321.7100,2325.4400,3.7300,3.7250,YES
2025-05-09T14:25:14.609314,ETH,2321.7100,2326.9300,5.2200,5.2150,YES
2025-05-09T14:25:14.609314,ETH,2321.7100,2326.7200,5.0100,5.0050,YES
2025-05-09T14:25:14.609314,ETH,2321.7100,2326.5900,4.8800,4.8750,YES
2025-05-09T14:25:14.852083,ETH,2321.6900,2325.0200,3.3300,3.3250,YES
2025-05-09T14:25:15.271907,ETH,2320.6200,2325.2400,4.6200,4.6150,YES
2025-05-09T14:25:15.278885,ETH,2320.6300,2325.0000,4.3700,4.3650,YES
2025-05-09T14:25:15.278885,ETH,2320.6300,2325.0000,4.3700,4.3650,YES
2025-05-09T14:25:15.278885,ETH,2320.6400,2325.0000,4.3600,4.3550,YES
2025-05-09T14:25:15.278885,ETH,2320.6400,2325.0000,4.3600,4.3550,YES
2025-05-09T14:25:15.278885,ETH,2320.6400,2325.0000,4.3600,4.3550,YES
2025-05-09T14:25:15.283178,ETH,2320.6400,2325.0000,4.3600,4.3550,YES
2025-05-09T14:25:15.283178,ETH,2320.6400,2325.0000,4.3600,4.3550,YES
2025-05-09T14:25:15.283178,ETH,2320.6400,2325.3000,4.6600,4.6550,YES
2025-05-09T14:25:15.283178,ETH,2320.6400,2325.3000,4.6600,4.6550,YES
2025-05-09T14:25:15.316319,ETH,2320.7600,2325.2500,4.4900,4.4850,YES
2025-05-09T14:25:15.828272,ETH,2322.3000,2325.2500,2.9500,2.9450,YES
2025-05-09T14:25:15.840339,ETH,2322.3100,2325.0000,2.6900,2.6850,YES
2025-05-09T14:25:15.840339,ETH,2322.3100,2325.0000,2.6900,2.6850,YES
2025-05-09T14:25:15.840339,ETH,2322.3100,2325.0000,2.6900,2.6850,YES
2025-05-09T14:25:15.840339,ETH,2322.3100,2325.0000,2.6900,2.6850,YES
2025-05-09T14:25:15.845150,ETH,2322.3100,2325.0000,2.6900,2.6850,YES
2025-05-09T14:25:15.845150,ETH,2322.3100,2325.0000,2.6900,2.6850,YES
2025-05-09T14:25:15.847975,ETH,2322.3100,2325.0000,2.6900,2.6850,YES
2025-05-09T14:25:15.847975,ETH,2322.3300,2325.0000,2.6700,2.6650,YES
2025-05-09T14:25:15.849268,ETH,2322.3300,2325.0000,2.6700,2.6650,YES
2025-05-09T14:25:15.849268,ETH,2322.3500,2325.0000,2.6500,2.6450,YES
2025-05-09T14:25:15.849268,ETH,2322.3600,2325.0000,2.6400,2.6350,YES
2025-05-09T14:25:15.849268,ETH,2322.3700,2325.0000,2.6300,2.6250,YES
2025-05-09T14:25:15.849268,ETH,2322.3700,2325.0000,2.6300,2.6250,YES
2025-05-09T14:25:15.849268,ETH,2322.3700,2325.0000,2.6300,2.6250,YES
2025-05-09T14:25:15.853207,ETH,2322.3800,2325.0000,2.6200,2.6150,YES
2025-05-09T14:25:15.853207,ETH,2322.3800,2325.0000,2.6200,2.6150,YES
2025-05-09T14:25:15.853207,ETH,2322.3800,2325.0000,2.6200,2.6150,YES
2025-05-09T14:25:16.304301,ETH,2322.3300,2325.0000,2.6700,2.6650,YES
2025-05-09T14:25:16.555251,ETH,2322.3300,2324.6000,2.2700,2.2650,YES
2025-05-09T14:25:16.737215,ETH,2323.5000,2324.6000,1.1000,1.0950,YES
2025-05-09T14:25:16.737215,ETH,2323.5000,2324.6000,1.1000,1.0950,YES
2025-05-09T14:25:16.745941,ETH,2323.5300,2324.3900,0.8600,0.8550,YES
2025-05-09T14:25:16.745941,ETH,2323.5300,2324.3800,0.8500,0.8450,YES
2025-05-09T14:25:16.745941,ETH,2323.5300,2324.3700,0.8400,0.8350,YES
2025-05-09T14:25:16.745941,ETH,2323.5300,2324.3600,0.8300,0.8250,YES
2025-05-09T14:25:16.745941,ETH,2323.5300,2324.3600,0.8300,0.8250,YES
2025-05-09T14:25:16.745941,ETH,2323.5300,2324.3600,0.8300,0.8250,YES
2025-05-09T14:25:16.779169,ETH,2323.5200,2324.0700,0.5500,0.5450,YES
2025-05-09T14:25:17.444970,ETH,2323.0900,2323.7500,0.6600,0.6550,YES
2025-05-09T14:25:17.444970,ETH,2323.0900,2323.6800,0.5900,0.5850,YES
2025-05-09T14:25:17.457124,ETH,2323.0900,2324.5400,1.4500,1.4450,YES
2025-05-09T14:25:17.459653,ETH,2323.0900,2323.6100,0.5200,0.5150,YES
2025-05-09T14:25:17.822822,ETH,2323.2700,2323.6100,0.3400,0.3350,YES
2025-05-09T14:25:17.827708,ETH,2323.2700,2323.6000,0.3300,0.3250,YES
2025-05-09T14:25:17.829206,ETH,2323.2700,2323.6000,0.3300,0.3250,YES
2025-05-09T14:25:17.829206,ETH,2323.2700,2323.6000,0.3300,0.3250,YES
2025-05-09T14:25:17.831059,ETH,2323.2700,2323.6000,0.3300,0.3250,YES
2025-05-09T14:25:17.831059,ETH,2323.2700,2323.6000,0.3300,0.3250,YES
2025-05-09T14:25:17.831059,ETH,2323.2700,2323.6000,0.3300,0.3250,YES
2025-05-09T14:25:17.831059,ETH,2323.2900,2323.9200,0.6300,0.6250,YES
2025-05-09T14:25:17.831059,ETH,2323.2900,2323.6000,0.3100,0.3050,YES
2025-05-09T14:25:17.831059,ETH,2323.2900,2325.0900,1.8000,1.7950,YES
2025-05-09T14:25:17.831059,ETH,2323.2900,2325.0700,1.7800,1.7750,YES
2025-05-09T14:25:17.855404,ETH,2323.2900,2325.5200,2.2300,2.2250,YES
2025-05-09T14:25:18.112794,ETH,2324.2700,2325.5200,1.2500,1.2450,YES
2025-05-09T14:25:18.145641,ETH,2324.2800,2325.5200,1.2400,1.2350,YES
2025-05-09T14:25:18.605915,ETH,2325.0800,2325.5200,0.4400,0.4350,YES
2025-05-09T14:25:18.637138,ETH,2325.0800,2325.3600,0.2800,0.2750,YES
2025-05-09T14:25:18.674755,ETH,2325.1900,2325.3600,0.1700,0.1650,YES
2025-05-09T14:25:18.725749,ETH,2325.2000,2325.2400,0.0400,0.0350,YES
2025-05-09T14:25:19.081149,ETH,2324.8600,2325.2700,0.4100,0.4050,YES
2025-05-09T14:25:19.081149,ETH,2324.8600,2325.3400,0.4800,0.4750,YES
2025-05-09T14:25:19.081149,ETH,2324.8600,2325.3400,0.4800,0.4750,YES
2025-05-09T14:25:19.081149,ETH,2324.8600,2325.3400,0.4800,0.4750,YES
2025-05-09T14:25:19.081149,ETH,2324.8600,2325.3500,0.4900,0.4850,YES
2025-05-09T14:25:19.089281,ETH,2324.8600,2325.3600,0.5000,0.4950,YES
2025-05-09T14:25:19.089281,ETH,2324.8600,2325.3600,0.5000,0.4950,YES
2025-05-09T14:25:19.089281,ETH,2324.8500,2325.3600,0.5100,0.5050,YES
2025-05-09T14:25:19.089281,ETH,2324.8500,2325.3700,0.5200,0.5150,YES
2025-05-09T14:25:19.385696,ETH,2323.9300,2324.5200,0.5900,0.5850,YES
2025-05-09T14:25:19.408223,ETH,2323.9400,2323.9600,0.0200,0.0150,YES
